132859305850000,132859305850000.png
132860306850000,132860306850000.png
132861307850000,132861307850000.png
132862308850000,132862308850000.png
132863309850000,132863309850000.png
132864310850000,132864310850000.png
132865311850000,132865311850000.png
132866312850000,132866312850000.png
132867313850000,132867313850000.png
132868314850000,132868314850000.png
132869315850000,132869315850000.png
132870316850000,132870316850000.png
132871317850000,132871317850000.png
132872318850000,132872318850000.png
132873319850000,132873319850000.png
132874320850000,132874320850000.png
132875321850000,132875321850000.png
132876322850000,132876322850000.png
132877323850000,132877323850000.png
132878324850000,132878324850000.png
132879325850000,132879325850000.png
132880326850000,132880326850000.png
132881327850000,132881327850000.png
132882328850000,132882328850000.png
132883329850000,132883329850000.png
132884330850000,132884330850000.png
132885331850000,132885331850000.png
132886332850000,132886332850000.png
132887333850000,132887333850000.png
132888334850000,132888334850000.png
132889335850000,132889335850000.png
132890336850000,132890336850000.png
132891337850000,132891337850000.png
132892338850000,132892338850000.png
132893339850000,132893339850000.png
132894340850000,132894340850000.png
132895391900000,132895391900000.png
132896392900000,132896392900000.png
132897393900000,132897393900000.png
132898394900000,132898394900000.png
132899395900000,132899395900000.png
132900396900000,132900396900000.png
132901397900000,132901397900000.png
132902398900000,132902398900000.png
132903399900000,132903399900000.png
132904400900000,132904400900000.png
132905401900000,132905401900000.png
132906402900000,132906402900000.png
132907403900000,132907403900000.png
132908404900000,132908404900000.png
132909405900000,132909405900000.png
132910406900000,132910406900000.png
132911407900000,132911407900000.png
132912408900000,132912408900000.png
132913409900000,132913409900000.png
132914410900000,132914410900000.png
132915411900000,132915411900000.png
132916412900000,132916412900000.png
132917413900000,132917413900000.png
132918414900000,132918414900000.png
132919415900000,132919415900000.png
132920416900000,132920416900000.png
132921417900000,132921417900000.png
132922418900000,132922418900000.png
132923419900000,132923419900000.png
132924420900000,132924420900000.png
132925421900000,132925421900000.png
132926422900000,132926422900000.png
132927423900000,132927423900000.png
132928424900000,132928424900000.png
132929425900000,132929425900000.png
132930476950000,132930476950000.png
132931477950000,132931477950000.png
132932478950000,132932478950000.png
132933479950000,132933479950000.png
132934480950000,132934480950000.png
132935481950000,132935481950000.png
132936482950000,132936482950000.png
132937483950000,132937483950000.png
132938484950000,132938484950000.png
132939485950000,132939485950000.png
132940486950000,132940486950000.png
132941487950000,132941487950000.png
132942488950000,132942488950000.png
132943489950000,132943489950000.png
132944490950000,132944490950000.png
132945491950000,132945491950000.png
132946492950000,132946492950000.png
132947493950000,132947493950000.png
132948494950000,132948494950000.png
132949495950000,132949495950000.png
132950496950000,132950496950000.png
132951497950000,132951497950000.png
132952498950000,132952498950000.png
132953499950000,132953499950000.png
132954500950000,132954500950000.png
132955501950000,132955501950000.png
132956502950000,132956502950000.png
132957503950000,132957503950000.png
132958504950000,132958504950000.png
132959505950000,132959505950000.png
132960506950000,132960506950000.png
132961507950000,132961507950000.png
132962508950000,132962508950000.png
132963509950000,132963509950000.png
132964510950000,132964510950000.png
132965562000000,132965562000000.png
132966563000000,132966563000000.png
132967564000000,132967564000000.png
132968565000000,132968565000000.png
132969566000000,132969566000000.png
132970567000000,132970567000000.png
132971568000000,132971568000000.png
132972569000000,132972569000000.png
132973570000000,132973570000000.png
132974571000000,132974571000000.png
132975572000000,132975572000000.png
132976573000000,132976573000000.png
132977574000000,132977574000000.png
132978575000000,132978575000000.png
132979576000000,132979576000000.png
132980577000000,132980577000000.png
132981578000000,132981578000000.png
132982579000000,132982579000000.png
132983580000000,132983580000000.png
132984581000000,132984581000000.png
132985582000000,132985582000000.png
132986583000000,132986583000000.png
132987584000000,132987584000000.png
132988585000000,132988585000000.png
132989586000000,132989586000000.png
132990587000000,132990587000000.png
132991588000000,132991588000000.png
132992589000000,132992589000000.png
132993590000000,132993590000000.png
132994591000000,132994591000000.png
132995592000000,132995592000000.png
132996593000000,132996593000000.png
132997594000000,132997594000000.png
132998595000000,132998595000000.png
132999596000000,132999596000000.png
133000597000000,133000597000000.png
133001648050000,133001648050000.png
133002649050000,133002649050000.png
133003650050000,133003650050000.png
133004651050000,133004651050000.png
133005652050000,133005652050000.png
133006653050000,133006653050000.png
133007654050000,133007654050000.png
133008655050000,133008655050000.png
133009656050000,133009656050000.png
133010657050000,133010657050000.png
133011658050000,133011658050000.png
133012659050000,133012659050000.png
133013660050000,133013660050000.png
133014661050000,133014661050000.png
133015662050000,133015662050000.png
133016663050000,133016663050000.png
133017664050000,133017664050000.png
133018665050000,133018665050000.png
133019666050000,133019666050000.png
133020667050000,133020667050000.png
133021668050000,133021668050000.png
133022669050000,133022669050000.png
133023670050000,133023670050000.png
133024671050000,133024671050000.png
133025672050000,133025672050000.png
133026673050000,133026673050000.png
133027674050000,133027674050000.png
133028675050000,133028675050000.png
133029676050000,133029676050000.png
133030677050000,133030677050000.png
133031678050000,133031678050000.png
133032679050000,133032679050000.png
133033680050000,133033680050000.png
133034681050000,133034681050000.png
133035682050000,133035682050000.png
133036733100000,133036733100000.png
133037734100000,133037734100000.png
133038735100000,133038735100000.png
133039736100000,133039736100000.png
133040737100000,133040737100000.png
133041738100000,133041738100000.png
133042739100000,133042739100000.png
133043740100000,133043740100000.png
133044741100000,133044741100000.png
133045742100000,133045742100000.png
133046743100000,133046743100000.png
133047744100000,133047744100000.png
133048745100000,133048745100000.png
133049746100000,133049746100000.png
133050747100000,133050747100000.png
133051748100000,133051748100000.png
133052749100000,133052749100000.png
133053750100000,133053750100000.png
133054751100000,133054751100000.png
133055752100000,133055752100000.png
133056753100000,133056753100000.png
133057754100000,133057754100000.png
133058755100000,133058755100000.png
133059756100000,133059756100000.png
133060757100000,133060757100000.png
133061758100000,133061758100000.png
133062759100000,133062759100000.png
133063760100000,133063760100000.png
133064761100000,133064761100000.png
133065762100000,133065762100000.png
133066763100000,133066763100000.png
133067764100000,133067764100000.png
133068765100000,133068765100000.png
133069766100000,133069766100000.png
133070767100000,133070767100000.png
133071818150000,133071818150000.png
133072819150000,133072819150000.png
133073820150000,133073820150000.png
133074821150000,133074821150000.png
133075822150000,133075822150000.png
133076823150000,133076823150000.png
133077824150000,133077824150000.png
133078825150000,133078825150000.png
133079826150000,133079826150000.png
133080827150000,133080827150000.png
133081828150000,133081828150000.png
133082829150000,133082829150000.png
133083830150000,133083830150000.png
133084831150000,133084831150000.png
133085832150000,133085832150000.png
133086833150000,133086833150000.png
133087834150000,133087834150000.png
133088835150000,133088835150000.png
133089836150000,133089836150000.png
133090837150000,133090837150000.png
133091838150000,133091838150000.png
133092839150000,133092839150000.png
133093840150000,133093840150000.png
133094841150000,133094841150000.png
133095842150000,133095842150000.png
133096843150000,133096843150000.png
133097844150000,133097844150000.png
133098845150000,133098845150000.png
133099846150000,133099846150000.png
133100847150000,133100847150000.png
133101848150000,133101848150000.png
133102849150000,133102849150000.png
133103850150000,133103850150000.png
133104851150000,133104851150000.png
133105852150000,133105852150000.png
133106853150000,133106853150000.png
133107904200000,133107904200000.png
133108905200000,133108905200000.png
133109906200000,133109906200000.png
133110907200000,133110907200000.png
133111908200000,133111908200000.png
133112909200000,133112909200000.png
133113910200000,133113910200000.png
133114911200000,133114911200000.png
133115912200000,133115912200000.png
133116913200000,133116913200000.png
133117914200000,133117914200000.png
133118915200000,133118915200000.png
133119916200000,133119916200000.png
133120917200000,133120917200000.png
133121918200000,133121918200000.png
133122919200000,133122919200000.png
133123920200000,133123920200000.png
133124921200000,133124921200000.png
133125922200000,133125922200000.png
133126923200000,133126923200000.png
133127924200000,133127924200000.png
133128925200000,133128925200000.png
133129926200000,133129926200000.png
133130927200000,133130927200000.png
133131928200000,133131928200000.png
133132929200000,133132929200000.png
133133930200000,133133930200000.png
133134931200000,133134931200000.png
133135932200000,133135932200000.png
133136933200000,133136933200000.png
133137934200000,133137934200000.png
133138935200000,133138935200000.png
133139936200000,133139936200000.png
133140937200000,133140937200000.png
133141938200000,133141938200000.png
133142989250000,133142989250000.png
133143990250000,133143990250000.png
133144991250000,133144991250000.png
133145992250000,133145992250000.png
133146993250000,133146993250000.png
133147994250000,133147994250000.png
133148995250000,133148995250000.png
133149996250000,133149996250000.png
133150997250000,133150997250000.png
133151998250000,133151998250000.png
133152999250000,133152999250000.png
133154000250000,133154000250000.png
133155001250000,133155001250000.png
133156002250000,133156002250000.png
133157003250000,133157003250000.png
133158004250000,133158004250000.png
133159005250000,133159005250000.png
133160006250000,133160006250000.png
133161007250000,133161007250000.png
133162008250000,133162008250000.png
133163009250000,133163009250000.png
133164010250000,133164010250000.png
133165011250000,133165011250000.png
133166012250000,133166012250000.png
133167013250000,133167013250000.png
133168014250000,133168014250000.png
133169015250000,133169015250000.png
133170016250000,133170016250000.png
133171017250000,133171017250000.png
133172018250000,133172018250000.png
133173019250000,133173019250000.png
133174020250000,133174020250000.png
133175021250000,133175021250000.png
133176022250000,133176022250000.png
133177023250000,133177023250000.png
133178074300000,133178074300000.png
133179075300000,133179075300000.png
133180076300000,133180076300000.png
133181077300000,133181077300000.png
133182078300000,133182078300000.png
133183079300000,133183079300000.png
133184080300000,133184080300000.png
133185081300000,133185081300000.png
133186082300000,133186082300000.png
133187083300000,133187083300000.png
133188084300000,133188084300000.png
133189085300000,133189085300000.png
133190086300000,133190086300000.png
133191087300000,133191087300000.png
133192088300000,133192088300000.png
133193089300000,133193089300000.png
133194090300000,133194090300000.png
133195091300000,133195091300000.png
133196092300000,133196092300000.png
133197093300000,133197093300000.png
133198094300000,133198094300000.png
133199095300000,133199095300000.png
133200096300000,133200096300000.png
133201097300000,133201097300000.png
133202098300000,133202098300000.png
133203099300000,133203099300000.png
133204100300000,133204100300000.png
133205101300000,133205101300000.png
133206102300000,133206102300000.png
133207103300000,133207103300000.png
133208104300000,133208104300000.png
133209105300000,133209105300000.png
133210106300000,133210106300000.png
133211107300000,133211107300000.png
133212108300000,133212108300000.png
133213109300000,133213109300000.png
133214160350000,133214160350000.png
133215161350000,133215161350000.png
133216162350000,133216162350000.png
133217163350000,133217163350000.png
133218164350000,133218164350000.png
133219165350000,133219165350000.png
133220166350000,133220166350000.png
133221167350000,133221167350000.png
133222168350000,133222168350000.png
133223169350000,133223169350000.png
133224170350000,133224170350000.png
133225171350000,133225171350000.png
133226172350000,133226172350000.png
133227173350000,133227173350000.png
133228174350000,133228174350000.png
133229175350000,133229175350000.png
133230176350000,133230176350000.png
133231177350000,133231177350000.png
133232178350000,133232178350000.png
133233179350000,133233179350000.png
133234180350000,133234180350000.png
133235181350000,133235181350000.png
133236182350000,133236182350000.png
133237183350000,133237183350000.png
133238184350000,133238184350000.png
133239185350000,133239185350000.png
133240186350000,133240186350000.png
133241187350000,133241187350000.png
133242188350000,133242188350000.png
133243189350000,133243189350000.png
133244190350000,133244190350000.png
133245191350000,133245191350000.png
133246192350000,133246192350000.png
133247193350000,133247193350000.png
133248194350000,133248194350000.png
133249245400000,133249245400000.png
133250246400000,133250246400000.png
133251247400000,133251247400000.png
133252248400000,133252248400000.png
133253249400000,133253249400000.png
133254250400000,133254250400000.png
133255251400000,133255251400000.png
133256252400000,133256252400000.png
133257253400000,133257253400000.png
133258254400000,133258254400000.png
133259255400000,133259255400000.png
133260256400000,133260256400000.png
133261257400000,133261257400000.png
133262258400000,133262258400000.png
133263259400000,133263259400000.png
133264260400000,133264260400000.png
133265261400000,133265261400000.png
133266262400000,133266262400000.png
133267263400000,133267263400000.png
133268264400000,133268264400000.png
133269265400000,133269265400000.png
133270266400000,133270266400000.png
133271267400000,133271267400000.png
133272268400000,133272268400000.png
133273269400000,133273269400000.png
133274270400000,133274270400000.png
133275271400000,133275271400000.png
133276272400000,133276272400000.png
133277273400000,133277273400000.png
133278274400000,133278274400000.png
133279275400000,133279275400000.png
133280276400000,133280276400000.png
133281277400000,133281277400000.png
133282278400000,133282278400000.png
133283279400000,133283279400000.png
